company,priceHour,priceDay,priceWeek,priceMonth
A,139.75,142.07,143.64,1
AA,58.48,59.97,60.77,1
AAL,16.58,17.38,18.58,1
AAP,228.13,235.37,238.69,1
AAPL,165.05,168.0,172.09,1
ABBV,132.81,136.05,135.31,1
ABC,132.63,132.91,135.23,1
ABMD,305.16,303.31,299.62,1
ABNB,157.85,157.06,162.08,1
ABRD,1.0,1.0,1.0,1
ABT,125.71,126.65,127.93,1
ACAD,21.64,21.97,22.42,1
ACKO,1.0,1.0,1.0,1
ADBE,510.95,521.47,517.89,1
ADI,161.44,165.23,170.35,1
ADM,69.15,71.4,71.43,1
ADP,219.25,226.75,228.47,1
ADSK,246.64,257.48,255.47,1
AEE,88.35,87.87,88.27,1
AEP,90.83,90.56,90.9,1
AES,23.33,23.09,22.88,1
AFKS,1.0,1.0,1.0,1
AFL,61.61,63.26,63.57,1
AFLT,1.0,1.0,1.0,1
AIG,57.98,59.3,61.62,1
AIZ,148.77,152.94,153.95,1
AJG,155.37,155.71,157.0,1
AKAM,114.33,114.07,112.43,1
AKRN,1.0,1.0,1.0,1
ALB,217.12,222.64,232.39,1
ALGN,477.64,502.6,521.45,1
ALK,53.34,54.68,55.69,1
ALL,120.57,122.04,123.51,1
ALNU,1.0,1.0,1.0,1
ALRS,28.83,28.39,29.59,1
AMAT,139.8,145.1,164.69,1
AMC,17.12,18.81,20.24,1
AMD,122.83,130.3,134.94,1
AME,136.91,139.88,140.55,1
AMEZ,1.0,1.0,1.0,1
AMGN,228.61,232.49,234.35,1
AMP,304.86,312.25,327.22,1
AMZN,2948.36,3152.98,3218.13,1
ANET,120.78,126.41,129.04,1
ANSS,333.41,341.7,347.52,1
ANTM,444.1,449.27,448.17,1
AOS,78.27,80.18,80.34,1
APA,30.8,32.54,32.65,1
APD,285.94,288.9,291.18,1
APH,78.35,79.32,81.41,1
APTK,1.0,1.0,1.0,1
AQUA,39.51,37.78,38.37,1
ARSA,1.0,1.0,1.0,1
ASSB,1.0,1.0,1.0,1
ATO,105.09,105.96,105.55,1
ATVI,81.26,82.22,64.55,1
AVAN,9.83,9.83,9.83,1
AVGO,547.99,570.84,595.64,1
AVY,203.67,207.55,208.06,1
AWK,164.23,161.83,161.86,1
AXP,160.87,162.43,167.07,1
AYX,54.59,57.82,57.94,1
AZO,1942.8,1961.85,2025.0,1
BA,209.17,219.42,224.07,1
BAC,45.64,46.64,47.69,1
BANE,1.0,1.0,1.0,1
BANEP,1.0,1.0,1.0,1
BAX,86.4,86.17,84.98,1
BBBY,12.87,14.08,15.08,1
BBWI,54.57,56.17,55.13,1
BBY,97.1,100.31,99.78,1
BDX,266.32,264.52,261.58,1
BELU,1.0,1.0,1.0,1
BEN,32.17,33.91,35.05,1
BFB,1.0,1.0,1.0,1
BIIB,224.15,232.78,237.17,1
BIO,592.0,604.22,628.75,1
BISV,1.0,1.0,1.0,1
BISVP,1.0,1.0,1.0,1
BK,58.31,59.37,63.09,1
BKNG,2401.19,2398.33,2435.0,1
BKR,27.29,26.42,27.24,1
BLK,814.43,831.82,844.87,1
BLL,88.57,91.71,89.86,1
BLNG,9.74,9.74,9.74,1
BLUE,7.03,7.86,8.45,1
BMY,63.99,64.96,64.7,1
BNGO,2.24,2.38,2.52,1
BR,160.27,162.09,159.04,1
BRKB,1.0,1.0,1.0,1
BRZL,1.0,1.0,1.0,1
BSPB,1.0,1.0,1.0,1
BSPBP,1.0,1.0,1.0,1
BSX,43.27,44.33,44.4,1
BWA,44.47,46.87,49.56,1
BYND,62.18,64.04,65.17,1
C,64.07,64.3,66.81,1
CAG,35.39,35.61,34.94,1
CAH,51.08,52.38,52.79,1
CARR,48.57,49.25,50.92,1
CAT,216.36,223.04,228.23,1
CBOM,1.0,1.0,1.0,1
CDNS,150.55,154.99,160.96,1
CDW,187.62,190.95,190.03,1
CE,164.48,169.44,172.97,1
CERN,91.98,91.98,92.29,1
CF,66.15,67.79,66.17,1
CFG,51.3,54.53,55.85,1
CHD,103.28,103.56,104.08,1
CHEP,1.0,1.0,1.0,1
CHGZ,1.0,1.0,1.0,1
CHKZ,1.0,1.0,1.0,1
CHMF,1.0,1.0,1.0,1
CHMK,1.0,1.0,1.0,1
CHRW,106.16,108.05,107.79,1
CHTR,572.06,583.28,601.96,1
CI,239.5,239.73,240.47,1
CINF,115.74,116.26,119.31,1
CL,84.09,84.44,83.41,1
CLF,17.85,19.67,21.87,1
CLOV,2.63,2.85,3.0,1
CLX,178.96,182.11,186.63,1
CMA,91.11,97.74,99.88,1
CMCSA,50.14,50.47,51.45,1
CME,229.46,230.31,222.52,1
CMG,1394.99,1478.08,1482.99,1
CMI,226.28,231.25,236.37,1
CMS,64.05,63.46,63.79,1
CNC,78.19,77.8,79.44,1
CNK,15.76,16.58,17.24,1
CNP,27.73,27.41,27.45,1
CNTL,1.0,1.0,1.0,1
CNTLP,1.0,1.0,1.0,1
COF,147.77,152.31,159.35,1
COIN,196.63,223.5,224.43,1
COO,393.22,400.05,407.83,1
COP,83.62,87.43,85.95,1
COST,488.69,494.78,502.69,1
COTY,8.62,8.7,8.87,1
CPB,45.04,46.25,46.28,1
CPNG,18.98,20.76,20.89,1
CPRT,127.59,133.51,136.02,1
CRL,329.69,341.33,351.99,1
CRM,222.86,229.04,228.91,1
CSCO,57.23,59.13,61.32,1
CSX,34.53,35.25,36.35,1
CTAS,383.06,392.23,398.1,1
CTLT,102.31,104.15,107.52,1
CTRA,19.45,21.02,21.92,1
CTSH,85.86,86.39,86.85,1
CTVA,46.36,47.37,48.23,1
CTXS,102.37,104.7,95.62,1
CVS,102.12,103.71,105.74,1
CVX,127.94,129.37,128.49,1
CZR,75.01,78.83,82.06,1
D,79.87,79.28,79.07,1
DAL,38.44,38.96,40.02,1
DBX,24.09,24.73,23.92,1
DD,78.48,82.36,84.45,1
DE,368.98,377.75,376.62,1
DERZP,1.0,1.0,1.0,1
DFS,115.89,119.65,126.57,1
DG,212.5,220.89,216.09,1
DGX,137.63,139.6,141.8,1
DHI,89.65,91.94,97.92,1
DHR,281.13,288.96,290.57,1
DIOD,90.21,91.2,98.07,1
DIS,140.44,150.84,150.46,1
DISCA,26.58,28.55,30.8,1
DISH,32.42,34.46,36.22,1
DKNG,19.97,21.85,22.95,1
DLTR,127.17,132.6,129.65,1
DOV,175.87,178.65,177.44,1
DOW,57.53,59.72,60.23,1
DPZ,448.93,472.71,469.33,1
DRI,136.87,139.66,142.4,1
DSKY,1.0,1.0,1.0,1
DUK,103.51,102.25,104.0,1
DVA,110.2,110.46,115.62,1
DVEC,1.0,1.0,1.0,1
DVN,46.7,49.29,49.79,1
DXC,31.43,32.15,33.63,1
DXCM,427.28,443.43,446.53,1
DZRD,1.0,1.0,1.0,1
DZRDP,1.0,1.0,1.0,1
EA,138.86,137.69,129.91,1
EBAY,60.24,62.56,63.45,1
ECL,199.98,216.17,215.96,1
ED,82.81,82.39,83.19,1
EELT,1.0,1.0,1.0,1
EFX,230.19,236.49,249.64,1
EHTH,22.44,22.91,24.82,1
EIX,63.14,63.63,63.53,1
EL,300.0,313.59,320.87,1
ELTZ,1.0,1.0,1.0,1
EMN,122.33,127.73,126.78,1
EMR,94.47,95.68,97.01,1
ENPG,1.0,1.0,1.0,1
ENPH,130.43,136.29,141.2,1
ENRU,1.0,1.0,1.0,1
EOG,101.69,105.35,104.76,1
EQT,20.54,22.38,23.56,1
ES,87.78,87.33,87.09,1
ETR,110.39,110.65,110.94,1
ETSY,156.62,166.04,162.13,1
EVRG,64.51,65.14,65.82,1
EW,113.62,117.06,117.8,1
EXC,56.85,56.6,56.31,1
EXPD,117.77,120.37,121.08,1
EXPE,178.34,178.36,182.22,1
F,21.18,22.68,25.19,1
FANG,119.74,125.86,127.04,1
FAST,56.7,58.37,59.08,1
FB,312.5,323.53,330.32,1
FBHS,96.83,98.1,101.26,1
FCX,42.05,44.22,43.92,1
FDX,247.74,253.51,254.99,1
FE,41.85,41.58,41.51,1
FEES,1.0,1.0,1.0,1
FESH,1.0,1.0,1.0,1
FFIV,224.06,224.07,234.49,1
FIS,113.46,114.03,116.97,1
FISV,106.52,106.69,109.0,1
FITB,45.91,48.17,49.87,1
FLOT,50.71,50.72,50.71,1
FLT,231.9,238.59,244.42,1
FMC,110.51,111.75,113.78,1
FNKO,16.9,17.45,17.59,1
FOX,35.34,36.59,37.49,1
FSLR,77.83,82.22,81.75,1
FSLY,29.29,30.15,30.8,1
FTNT,300.66,312.17,311.05,1
FTV,71.79,72.53,72.24,1
GAZA,1.0,1.0,1.0,1
GAZAP,1.0,1.0,1.0,1
GAZC,1.0,1.0,1.0,1
GAZP,1.0,1.0,1.0,1
GAZS,1.0,1.0,1.0,1
GAZT,1.0,1.0,1.0,1
GCHE,1.0,1.0,1.0,1
GD,209.83,211.62,212.28,1
GE,97.54,100.97,102.43,1
GEMA,1.0,1.0,1.0,1
GEVO,3.42,3.83,4.05,1
GILD,68.48,69.53,71.54,1
GIS,68.96,69.3,69.7,1
GLW,35.49,36.23,37.06,1
GM,54.29,57.0,60.78,1
GMKN,1.0,1.0,1.0,1
GNRC,276.77,295.03,304.47,1
GOOG,2672.96,2750.12,2795.44,1
GPC,131.93,135.59,137.08,1
GPN,143.23,146.56,148.99,1
GPS,16.16,16.82,18.09,1
GS,345.56,347.92,378.04,1
GT,22.03,22.6,23.72,1
GTHX,8.97,9.35,9.86,1
GTRK,1.0,1.0,1.0,1
GTSS,1.0,1.0,1.0,1
GWW,499.48,500.21,498.81,1
HAL,27.76,28.33,28.61,1
HAS,96.64,99.5,99.26,1
HBAN,15.35,17.15,17.47,1
HBI,15.76,16.47,16.65,1
HCA,238.95,248.09,255.26,1
HD,354.17,362.59,372.62,1
HES,88.19,91.3,91.29,1
HIG,70.54,70.94,72.21,1
HII,194.07,194.78,196.94,1
HIMC,1.0,1.0,1.0,1
HIMCP,1.0,1.0,1.0,1
HLT,144.57,143.47,147.73,1
HOLX,70.4,70.51,69.17,1
HON,207.37,212.24,217.17,1
HOOD,13.19,14.2,14.93,1
HPE,16.39,16.84,17.42,1
HPQ,35.49,37.05,38.19,1
HRL,49.15,49.29,48.92,1
HRTX,8.65,8.53,8.35,1
HSIC,74.85,75.48,77.23,1
HSY,200.58,199.35,199.03,1
HUM,380.55,381.37,389.82,1
HWM,33.22,34.04,34.72,1
HYDR,16.46,16.9,17.97,1
IBM,131.0,132.41,133.67,1
ICE,127.3,126.5,125.9,1
IDXX,509.69,526.91,526.96,1
IEX,219.53,216.22,219.62,1
IFF,142.99,140.69,145.15,1
IGST,1.0,1.0,1.0,1
IGSTP,1.0,1.0,1.0,1
ILMN,377.17,390.94,404.02,1
INCY,75.24,75.21,74.18,1
INGR,99.04,101.09,100.65,1
INTC,52.85,54.0,55.45,1
INTU,541.49,552.47,549.5,1
IP,47.94,49.27,49.41,1
IPG,36.02,36.69,37.76,1
IPGP,150.32,155.9,160.16,1
IQV,244.96,242.88,244.29,1
IR,57.61,58.91,59.02,1
IRAO,1.0,1.0,1.0,1
IRGZ,1.0,1.0,1.0,1
IRKT,1.0,1.0,1.0,1
ISKJ,1.0,1.0,1.0,1
ISRG,273.2,297.18,306.69,1
IT,282.74,282.99,284.6,1
ITW,239.18,243.27,243.18,1
J,128.04,129.84,132.45,1
JBHT,201.97,201.56,200.73,1
JKHY,164.82,168.54,168.11,1
JNJ,166.16,167.32,167.64,1
JNOS,1.0,1.0,1.0,1
JNOSP,1.0,1.0,1.0,1
JNPR,33.1,33.75,34.42,1
JPM,147.01,149.56,157.17,1
K,66.54,66.79,67.56,1
KAZT,1.0,1.0,1.0,1
KAZTP,1.0,1.0,1.0,1
KBSB,1.0,1.0,1.0,1
KCHE,1.0,1.0,1.0,1
KCHEP,1.0,1.0,1.0,1
KD,16.8,17.01,17.9,1
KDP,38.41,38.53,39.11,1
KEY,25.2,25.94,26.83,1
KEYS,174.78,182.02,185.74,1
KGKC,1.0,1.0,1.0,1
KGKCP,1.0,1.0,1.0,1
KHC,37.25,37.42,38.06,1
KLAC,382.47,399.42,438.81,1
KLSB,1.0,1.0,1.0,1
KMAZ,1.0,1.0,1.0,1
KMB,143.35,143.07,143.17,1
KMEZ,1.0,1.0,1.0,1
KMI,17.45,17.5,17.77,1
KMTZ,1.0,1.0,1.0,1
KMX,106.63,108.71,112.84,1
KO,60.89,61.05,61.14,1
KOGK,1.0,1.0,1.0,1
KR,47.13,48.56,49.2,1
KRKN,1.0,1.0,1.0,1
KRKNP,1.0,1.0,1.0,1
KRKO,1.0,1.0,1.0,1
KRKOP,1.0,1.0,1.0,1
KROT,1.0,1.0,1.0,1
KROTP,1.0,1.0,1.0,1
KRSB,1.0,1.0,1.0,1
KRSBP,1.0,1.0,1.0,1
KSGR,1.0,1.0,1.0,1
KSU,293.94,293.94,1.0,1
KTSB,1.0,1.0,1.0,1
KTSBP,1.0,1.0,1.0,1
KUBE,1.0,1.0,1.0,1
KUZB,1.0,1.0,1.0,1
KZMS,1.0,1.0,1.0,1
KZOS,1.0,1.0,1.0,1
KZOSP,1.0,1.0,1.0,1
L,59.0,59.87,60.69,1
LAZR,13.75,13.72,17.21,1
LDOS,92.55,93.95,89.57,1
LEG,39.45,40.64,39.59,1
LEN,96.8,98.74,112.65,1
LENT,1.0,1.0,1.0,1
LH,273.18,273.97,299.1,1
LHX,224.59,229.04,223.32,1
LIFE,6.26,6.64,7.94,1
LKOH,1.0,1.0,1.0,1
LKQ,54.28,55.06,57.64,1
LLY,242.79,246.79,273.79,1
LMT,376.12,378.01,347.59,1
LNC,69.13,71.99,67.7,1
LNT,60.12,59.44,59.76,1
LNZL,1.0,1.0,1.0,1
LNZLP,1.0,1.0,1.0,1
LOW,226.84,236.86,250.04,1
LPSB,1.0,1.0,1.0,1
LRCX,629.6,650.73,696.45,1
LSNG,1.0,1.0,1.0,1
LSNGP,1.0,1.0,1.0,1
LSRG,1.0,1.0,1.0,1
LTHM,22.53,23.54,24.88,1
LUMN,12.06,12.13,12.81,1
LUV,44.13,44.64,41.76,1
LVHK,1.0,1.0,1.0,1
LVS,44.67,43.95,38.04,1
LW,65.46,67.5,61.59,1
LYFT,37.04,37.52,44.06,1
LYV,111.1,112.91,116.87,1
M,23.37,25.68,25.21,1
MA,365.17,363.03,361.26,1
MAGE,1.0,1.0,1.0,1
MAGEP,1.0,1.0,1.0,1
MAGN,1.0,1.0,1.0,1
MAR,159.13,155.07,164.21,1
MAS,64.89,66.21,66.8,1
MCD,257.06,256.8,265.84,1
MCHP,74.9,77.86,87.08,1
MCK,248.98,253.25,299.97,1
MCO,346.65,350.75,361.02,1
MDLZ,69.07,67.78,64.95,1
MET,66.23,67.1,67.89,1
MFGS,1.0,1.0,1.0,1
MFGSP,1.0,1.0,1.0,1
MFON,1.0,1.0,1.0,1
MGM,41.9,42.32,45.77,1
MGNT,1.0,1.0,1.0,1
MGNZ,1.0,1.0,1.0,1
MGTS,1.0,1.0,1.0,1
MGTSP,1.0,1.0,1.0,1
MHK,159.44,164.2,171.45,1
MISB,1.0,1.0,1.0,1
MISBP,1.0,1.0,1.0,1
MKC,95.95,96.28,93.52,1
MKTX,368.82,373.11,411.8,1
MLM,388.76,393.01,415.85,1
MMC,158.88,159.51,166.0,1
MMM,175.22,178.84,175.25,1
MNST,86.83,87.41,93.8,1
MO,50.39,50.34,46.86,1
MOEX,1.0,1.0,1.0,1
MORI,1.0,1.0,1.0,1
MOS,39.96,42.14,39.25,1
MPC,71.1,73.88,63.55,1
MPWR,414.92,421.59,492.49,1
MRK,79.94,81.88,75.88,1
MRKC,1.0,1.0,1.0,1
MRKK,1.0,1.0,1.0,1
MRKP,1.0,1.0,1.0,1
MRKS,1.0,1.0,1.0,1
MRKU,1.0,1.0,1.0,1
MRKV,1.0,1.0,1.0,1
MRKY,1.0,1.0,1.0,1
MRKZ,1.0,1.0,1.0,1
MRNA,162.14,175.86,247.53,1
MRO,18.32,19.16,16.11,1
MRSB,1.0,1.0,1.0,1
MRVL,74.63,77.5,88.55,1
MS,98.78,96.15,99.27,1
MSCI,513.74,521.08,540.34,1
MSFT,302.13,308.49,334.5,1
MSI,240.8,246.7,254.21,1
MSNG,1.0,1.0,1.0,1
MSRS,1.0,1.0,1.0,1
MSTR,416.5,474.15,574.7,1
MSTT,1.0,1.0,1.0,1
MTB,161.65,177.55,151.17,1
MTD,1501.48,1479.84,1622.73,1
MTLR,1.0,1.0,1.0,1
MTLRP,1.0,1.0,1.0,1
MTSS,1.0,1.0,1.0,1
MU,83.64,90.69,94.37,1
MVID,1.0,1.0,1.0,1
MVIS,3.09,3.5,5.87,1
NAUK,1.0,1.0,1.0,1
NDAQ,179.46,182.45,206.11,1
NEE,83.03,82.88,90.83,1
NEM,63.09,64.52,59.51,1
NFAZ,1.0,1.0,1.0,1
NFLX,397.19,517.3,615.37,1
NI,27.74,27.86,26.93,1
NKE,145.17,146.16,166.41,1
NKHP,1.0,1.0,1.0,1
NKNC,1.0,1.0,1.0,1
NKNCP,1.0,1.0,1.0,1
NKSH,36.09,36.85,35.75,1
NLMK,1.0,1.0,1.0,1
NLOK,26.42,26.53,25.89,1
NMTP,1.0,1.0,1.0,1
NNSB,1.0,1.0,1.0,1
NNSBP,1.0,1.0,1.0,1
NOC,405.51,404.74,402.98,1
NOV,15.58,16.2,13.65,1
NOW,518.7,530.35,648.33,1
NPOF,1.0,1.0,1.0,1
NRG,38.55,40.0,42.55,1
NSC,279.92,278.03,288.25,1
NSVZ,1.0,1.0,1.0,1
NTAP,86.14,90.59,90.81,1
NTRS,116.0,126.63,118.5,1
NUE,95.52,105.19,114.26,1
NVDA,240.76,254.03,297.97,1
NVR,5228.54,5459.0,5639.0,1
NVTK,1.0,1.0,1.0,1
NWL,23.11,23.35,21.46,1
NWS,21.94,22.39,22.44,1
ODFL,303.18,314.14,347.96,1
OGKB,1.0,1.0,1.0,1
OGN,30.92,32.23,30.37,1
OKE,59.27,60.75,58.25,1
OMC,76.02,77.41,72.25,1
OMZZP,1.0,1.0,1.0,1
ON,56.2,60.45,66.75,1
ORCL,82.82,84.23,89.71,1
ORLY,643.75,663.95,680.48,1
ORUP,1.0,1.0,1.0,1
OSUR,8.88,8.34,9.25,1
OTIS,83.74,83.44,84.54,1
OXY,34.09,35.93,29.13,1
PAYC,320.12,333.8,397.0,1
PAYX,120.35,122.28,134.71,1
PAZA,1.0,1.0,1.0,1
PBCT,18.76,20.51,17.44,1
PBF,16.14,17.82,12.62,1
PCAR,92.75,94.52,84.87,1
PCG,12.47,12.67,12.03,1
PEG,65.72,65.69,66.14,1
PENN,41.82,43.38,51.5,1
PEP,175.06,175.63,169.6,1
PFE,52.81,53.82,58.62,1
PFG,73.11,74.95,71.57,1
PG,163.15,162.65,160.31,1
PGR,108.33,108.42,101.42,1
PH,315.16,324.82,367.31,1
PHM,52.49,54.28,55.04,1
PHOR,1.0,1.0,1.0,1
PIKK,1.0,1.0,1.0,1
PINS,29.64,32.23,37.66,1
PKG,136.29,136.79,135.63,1
PKI,175.42,176.81,182.35,1
PLTR,13.94,14.82,19.06,1
PLUG,21.75,21.67,29.22,1
PLZL,1.0,1.0,1.0,1
PM,103.18,102.14,93.13,1
PMSB,1.0,1.0,1.0,1
PMSBP,1.0,1.0,1.0,1
PNC,204.17,210.06,198.75,1
POGR,1.0,1.0,1.0,1
POLY,28.77,29.2,29.2,1
POOL,476.42,496.48,496.13,1
PPG,157.74,162.52,165.93,1
PPL,29.72,29.92,29.47,1
PRMB,1.0,1.0,1.0,1
PRU,111.08,113.89,114.74,1
PSX,83.86,87.87,72.48,1
PTC,117.08,118.5,120.23,1
PTON,26.87,31.7,38.53,1
PVH,98.37,101.77,102.27,1
PWR,99.57,103.31,112.86,1
PXD,208.87,217.55,181.38,1
PYPL,167.59,175.22,191.38,1
QCOM,169.11,173.69,182.49,1
QDEL,106.42,113.4,137.7,1
QRVO,138.07,142.88,153.1,1
QS,16.18,18.39,24.74,1
RASP,1.0,1.0,1.0,1
RAVN,58.02,58.02,58.02,1
RBCM,1.0,1.0,1.0,1
RDRB,1.0,1.0,1.0,1
REGI,40.4,44.91,42.27,1
REGN,616.11,625.01,622.75,1
RENI,1.0,1.0,1.0,1
RF,22.12,23.92,21.52,1
RGSS,1.0,1.0,1.0,1
RHI,108.99,111.3,110.3,1
RIDE,2.51,2.84,4.18,1
RJF,98.91,102.57,107.14,1
RKKE,1.0,1.0,1.0,1
RL,110.29,113.92,114.56,1
RMD,236.8,244.3,258.16,1
RNFT,1.0,1.0,1.0,1
ROK,317.49,318.74,329.84,1
ROL,31.74,32.01,33.79,1
ROLO,1.0,1.0,1.0,1
ROP,442.14,444.79,478.34,1
ROSB,1.0,1.0,1.0,1
ROSN,1.0,1.0,1.0,1
ROST,1.0,1.0,1.0,1
ROST,1.0,1.0,1.0,1
RSG,129.39,130.07,135.52,1
RSTI,1.0,1.0,1.0,1
RSTIP,1.0,1.0,1.0,1
RTGZ,1.0,1.0,1.0,1
RTKM,1.0,1.0,1.0,1
RTKMP,1.0,1.0,1.0,1
RTSB,1.0,1.0,1.0,1
RTSBP,1.0,1.0,1.0,1
RTX,88.25,90.49,85.0,1
RUAL,1.0,1.0,1.0,1
RUGR,1.0,1.0,1.0,1
RUN,27.14,28.45,34.91,1
RUSI,1.0,1.0,1.0,1
RUSP,1.0,1.0,1.0,1
RZSB,1.0,1.0,1.0,1
SAGO,1.0,1.0,1.0,1
SAGOP,1.0,1.0,1.0,1
SARE,1.0,1.0,1.0,1
SAREP,1.0,1.0,1.0,1
SBER,1.0,1.0,1.0,1
SBERP,1.0,1.0,1.0,1
SBUX,97.63,97.54,112.66,1
SCCO,66.96,68.51,59.93,1
SCHW,89.98,91.88,85.61,1
SEDG,228.37,235.93,285.71,1
SEE,68.25,68.08,65.2,1
SELG,1.0,1.0,1.0,1
SELGP,1.0,1.0,1.0,1
SFIN,1.0,1.0,1.0,1
SGZH,1.0,1.0,1.0,1
SHW,298.85,306.2,321.82,1
SIBN,20.78,21.39,21.71,1
SIVB,616.6,659.87,677.51,1
SJM,142.64,144.23,133.42,1
SKLZ,4.94,5.58,8.52,1
SLEN,1.0,1.0,1.0,1
SMLT,1.0,1.0,1.0,1
SNA,209.14,213.67,209.89,1
SNAP,33.51,35.61,48.32,1
SNGS,1.0,1.0,1.0,1
SNGSP,1.0,1.0,1.0,1
SNPS,308.61,316.26,367.17,1
SO,68.32,68.47,66.74,1
SPBE,1.0,1.0,1.0,1
SPCE,8.76,9.21,14.49,1
SPGI,421.54,425.98,435.21,1
SPLK,117.01,120.45,115.76,1
SQ,122.61,128.6,167.85,1
SRE,135.54,136.61,129.71,1
SRPT,62.16,64.32,91.85,1
STSB,47.66,47.66,47.66,1
STSBP,1.0,1.0,1.0,1
STT,92.19,94.64,93.22,1
STZ,243.52,243.64,243.8,1
SVAV,1.0,1.0,1.0,1
SWK,179.23,183.19,188.28,1
SWKS,142.92,146.55,154.28,1
SWN,4.09,4.6,4.63,1
SYF,44.73,45.93,46.22,1
SYK,257.05,260.45,269.26,1
SYY,78.51,78.14,76.82,1
T,26.94,27.25,24.9,1
TAP,49.43,50.56,45.17,1
TASB,1.0,1.0,1.0,1
TASBP,1.0,1.0,1.0,1
TATN,1.0,1.0,1.0,1
TATNP,1.0,1.0,1.0,1
TDG,629.26,638.21,641.63,1
TDOC,75.09,77.07,94.16,1
TDY,418.91,419.26,419.32,1
TER,146.13,149.62,162.17,1
TFC,62.16,64.85,57.82,1
TFX,325.1,334.06,328.65,1
TGKA,1.0,1.0,1.0,1
TGKB,1.0,1.0,1.0,1
TGKBP,1.0,1.0,1.0,1
TGKD,1.0,1.0,1.0,1
TGKDP,1.0,1.0,1.0,1
TGKN,1.0,1.0,1.0,1
TGT,219.24,224.68,220.72,1
TJX,68.2,69.25,73.6,1
TMO,583.12,596.57,651.61,1
TMUS,104.03,105.72,120.68,1
TNSE,1.0,1.0,1.0,1
TORS,1.0,1.0,1.0,1
TORSP,1.0,1.0,1.0,1
TPR,37.4,37.83,41.38,1
TRCN,1.0,1.0,1.0,1
TRFM,1.0,1.0,1.0,1
TRMB,72.27,74.82,86.13,1
TRMK,33.5,34.31,32.17,1
TRNFP,1.0,1.0,1.0,1
TROW,161.67,168.82,194.64,1
TRV,164.07,161.51,154.98,1
TSCO,209.31,221.78,228.41,1
TSLA,964.14,1008.33,1059.38,1
TSN,89.88,92.75,85.63,1
TSVT,20.21,20.31,31.0,1
TTD,62.32,70.34,95.18,1
TTLK,1.0,1.0,1.0,1
TTWO,166.48,165.6,177.08,1
TUZA,1.0,1.0,1.0,1
TWTR,35.69,37.73,44.27,1
TXN,176.88,179.92,187.54,1
TXT,73.15,75.19,75.5,1
TYL,462.01,471.85,483.99,1
UA,16.39,16.36,17.46,1
UAL,42.48,44.61,44.93,1
UBER,36.85,38.3,44.12,1
UCSS,1.0,1.0,1.0,1
UHS,128.26,130.23,129.18,1
UKUZ,1.0,1.0,1.0,1
ULTA,353.4,375.43,392.58,1
UNAC,1.0,1.0,1.0,1
UNH,467.84,463.86,495.7,1
UNKL,1.0,1.0,1.0,1
UNM,26.12,27.22,27.24,1
UNP,248.38,239.63,250.36,1
UPRO,62.05,66.73,149.01,1
UPS,203.01,205.03,212.74,1
URI,305.47,309.34,335.3,1
URKA,1.0,1.0,1.0,1
URKZ,1.0,1.0,1.0,1
USB,56.23,57.46,56.31,1
USBN,1.0,1.0,1.0,1
UTAR,1.0,1.0,1.0,1
V,211.79,215.55,217.17,1
VEON-RX,1.0,1.0,1.0,1
VFC,68.4,71.0,69.26,1
VGSB,1.0,1.0,1.0,1
VGSBP,1.0,1.0,1.0,1
VIAC,32.14,35.04,30.25,1
VJGZ,1.0,1.0,1.0,1
VJGZP,1.0,1.0,1.0,1
VLHZ,1.0,1.0,1.0,1
VLO,80.19,84.82,72.79,1
VMC,188.65,188.95,206.87,1
VNT,28.55,29.6,31.47,1
VRSB,1.0,1.0,1.0,1
VRSBP,1.0,1.0,1.0,1
VRSK,199.07,201.27,225.76,1
VRSN,218.15,219.06,247.55,1
VRTX,229.27,231.96,222.02,1
VSMO,1.0,1.0,1.0,1
VSYD,1.0,1.0,1.0,1
VSYDP,1.0,1.0,1.0,1
VTBR,1.0,1.0,1.0,1
VTRS,14.62,14.81,13.65,1
VUZI,6.77,7.01,9.35,1
VXRT,4.92,5.39,6.86,1
VZ,53.43,53.67,52.82,1
WAB,91.39,92.38,93.92,1
WAT,321.62,326.66,345.35,1
WBA,52.65,53.48,50.69,1
WDC,58.79,62.12,61.08,1
WEC,97.86,96.42,94.68,1
WFC,54.36,56.04,48.42,1
WHR,202.4,209.18,226.55,1
WISH,2.59,2.51,3.6,1
WM,153.04,156.48,162.16,1
WMB,28.68,29.18,25.9,1
WMT,141.3,144.26,139.51,1
WRB,83.54,83.2,83.98,1
WRK,45.07,46.19,43.09,1
WST,373.52,377.19,458.83,1
WTCM,1.0,1.0,1.0,1
WTCMP,1.0,1.0,1.0,1
WU,18.24,18.79,17.81,1
WYNN,86.74,89.45,88.1,1
XEL,68.93,68.41,66.72,1
XLNX,191.34,192.0,220.22,1
XOM,72.8,73.46,61.27,1
XRAY,53.34,53.35,55.06,1
XYL,107.85,108.89,113.91,1
YAKG,1.0,1.0,1.0,1
YKEN,1.0,1.0,1.0,1
YKENP,1.0,1.0,1.0,1
YNDX,46.39,49.05,60.12,1
YRSB,1.0,1.0,1.0,1
YRSBP,1.0,1.0,1.0,1
YUM,124.96,125.01,133.53,1
ZBH,123.38,124.12,126.21,1
ZBRA,505.5,517.24,580.99,1
ZILL,1.0,1.0,1.0,1
ZION,62.87,66.6,62.55,1
ZM,153.06,159.35,191.25,1
ZTS,202.14,201.53,243.08,1
ZVEZ,1.0,1.0,1.0,1
ZYNE,2.45,2.44,3.22,1
